<?xml version="1.0" ?>
<Map WaferId="8IQY44001.04A0" FormatRevision="G85-1101">
  <Device ProductId="BOREALIS_03JM894_IBM" LotId="8IQY44001.04A0" Orientation="0" Row="8" Columns="10" StepSizeX="25300" StepSizeY="32100" MapType="Array" BinType="Decimal" NullBin="255" CreateDate="2025032712564700">
    <Bin BinCode="001" BinCount="9" BinQuality="Pass" BinDescription="Pass"/>
    <Bin BinCode="002" BinCount="9" BinQuality="Pass" BinDescription="Partial Die"/>
    <Bin BinCode="000" BinCount="48" BinQuality="Fail" BinDescription="non-pickable site"/>
    <SupplierData ProductCode="87" ToolType="WFT" ToolTesterID="30310" LogisticsToolId="A4QA" ToolTCPIPNodeName="a4Qa" RecipeName="RVSI" CompositeRuleName1="PATCSMFG"/>
    <Data MapName="MFG-PICK" MapVersion="1">
      <Row><![CDATA[255 255 000 000 000 002 001 000 255 255]]></Row>
      <Row><![CDATA[255 000 001 000 001 000 000 000 000 255]]></Row>
      <Row><![CDATA[000 000 000 001 000 000 000 001 000 000]]></Row>
      <Row><![CDATA[002 001 000 000 000 000 001 002 000 002]]></Row>
      <Row><![CDATA[000 002 001 000 000 002 000 000 000 002]]></Row>
      <Row><![CDATA[000 000 000 001 000 000 000 000 000 000]]></Row>
      <Row><![CDATA[255 000 000 000 000 000 000 000 000 255]]></Row>
      <Row><![CDATA[255 255 255 002 002 000 000 255 255 255]]></Row>
    </Data>
  </Device>
</Map>
